"Time","{__name__=""container_cpu_usage_seconds_total"", cpu=""total"", endpoint=""https-metrics"", id=""/kubepods/besteffort/pod09713d3a-6c58-453a-bc76-2438c05b2d9e"", instance=""192.168.49.2:10250"", job=""kubelet"", metrics_path=""/metrics/cadvisor"", namespace=""default"", node=""minikube"", pod=""nginx-deployment-647677fc66-szwpr"", service=""prometheus-kube-prometheus-kubelet""}"
2025-03-17 09:10:00,6.96
2025-03-17 09:10:20,6.97
2025-03-17 09:10:40,6.97
2025-03-17 09:11:00,6.98
2025-03-17 09:11:20,6.98
2025-03-17 09:11:40,7.00
2025-03-17 09:12:00,7.00
2025-03-17 09:12:20,7.02
2025-03-17 09:12:40,7.03
2025-03-17 09:13:00,7.03
2025-03-17 09:13:20,7.05
2025-03-17 09:13:40,7.05
2025-03-17 09:14:00,7.07
2025-03-17 09:14:20,7.08
2025-03-17 09:14:40,7.08
2025-03-17 09:15:00,7.10
2025-03-17 09:15:20,7.11
2025-03-17 09:15:40,7.13
2025-03-17 09:16:00,7.13
2025-03-17 09:16:20,7.14
2025-03-17 09:16:40,7.16
2025-03-17 09:17:00,7.16
2025-03-17 09:17:20,7.18
2025-03-17 09:17:40,7.19
2025-03-17 09:18:00,7.20
2025-03-17 09:18:20,7.22
2025-03-17 09:18:40,7.23
2025-03-17 09:19:00,7.24
2025-03-17 09:19:20,7.26
2025-03-17 09:19:40,7.26
2025-03-17 09:20:00,7.28
2025-03-17 09:20:20,7.29
2025-03-17 09:20:40,7.31
2025-03-17 09:21:00,7.31
2025-03-17 09:21:20,7.32
2025-03-17 09:21:40,7.34
2025-03-17 09:22:00,7.35
2025-03-17 09:22:20,7.36
2025-03-17 09:22:40,7.36
2025-03-17 09:23:00,7.36
2025-03-17 09:23:20,7.36
2025-03-17 09:23:40,7.36
2025-03-17 09:24:00,7.36
2025-03-17 09:24:20,7.36
2025-03-17 09:24:40,7.36
2025-03-17 09:25:00,7.36
2025-03-17 09:25:20,7.36
2025-03-17 09:25:40,7.36
2025-03-17 09:26:00,7.36
2025-03-17 09:26:20,7.36
2025-03-17 09:26:40,7.36
2025-03-17 09:27:00,7.36
2025-03-17 09:27:20,7.36
2025-03-17 09:27:40,7.36
2025-03-17 09:28:00,7.36
2025-03-17 09:28:20,7.36
2025-03-17 09:28:40,7.36
2025-03-17 09:29:00,7.36
2025-03-17 09:29:20,7.36
2025-03-17 09:29:40,7.36
2025-03-17 09:30:00,7.36
2025-03-17 09:30:20,7.36
2025-03-17 09:30:40,7.36
2025-03-17 09:31:00,7.36
2025-03-17 09:31:20,7.38
2025-03-17 09:31:40,7.40
2025-03-17 09:32:00,7.41
2025-03-17 09:32:20,7.42
2025-03-17 09:32:40,7.44
2025-03-17 09:33:00,7.45
2025-03-17 09:33:20,7.46
2025-03-17 09:33:40,7.48
2025-03-17 09:34:00,7.49
2025-03-17 09:34:20,7.50
2025-03-17 09:34:40,7.51
2025-03-17 09:35:00,7.52
2025-03-17 09:35:20,7.53
2025-03-17 09:35:40,7.55
2025-03-17 09:36:00,7.56
2025-03-17 09:36:20,7.57
2025-03-17 09:36:40,7.58
2025-03-17 09:37:00,7.61
2025-03-17 09:37:20,7.61
2025-03-17 09:37:40,7.63
2025-03-17 09:38:00,7.63
2025-03-17 09:38:20,7.65
2025-03-17 09:38:40,7.66
2025-03-17 09:39:00,7.68
2025-03-17 09:39:20,7.69
2025-03-17 09:39:40,7.70
2025-03-17 09:40:00,7.71
2025-03-17 09:40:20,7.72
2025-03-17 09:40:40,7.74
2025-03-17 09:41:00,7.75
2025-03-17 09:41:20,7.76
2025-03-17 09:41:40,7.77
2025-03-17 09:42:00,7.77
2025-03-17 09:42:20,7.79
2025-03-17 09:42:40,7.80
2025-03-17 09:43:00,7.81
2025-03-17 09:43:20,7.83
2025-03-17 09:43:40,7.84
2025-03-17 09:44:00,7.85
2025-03-17 09:44:20,7.86
2025-03-17 09:44:40,7.86
2025-03-17 09:45:00,7.89
2025-03-17 09:45:20,7.90
2025-03-17 09:45:40,7.91
2025-03-17 09:46:00,7.92
2025-03-17 09:46:20,7.94
2025-03-17 09:46:40,7.95
2025-03-17 09:47:00,7.96
2025-03-17 09:47:20,7.97
2025-03-17 09:47:40,7.99
2025-03-17 09:48:00,8.00
2025-03-17 09:48:20,8.01
2025-03-17 09:48:40,8.02
2025-03-17 09:49:00,8.04
2025-03-17 09:49:20,8.04
2025-03-17 09:49:40,8.06
2025-03-17 09:50:00,8.07
2025-03-17 09:50:20,8.07
2025-03-17 09:50:40,8.07
2025-03-17 09:51:00,8.07
2025-03-17 09:51:20,8.07
2025-03-17 09:51:40,8.08
2025-03-17 09:52:00,8.08
2025-03-17 09:52:20,8.10
2025-03-17 09:52:40,8.11
2025-03-17 09:53:00,8.13
2025-03-17 09:53:20,8.13
2025-03-17 09:53:40,8.15
2025-03-17 09:54:00,8.17
2025-03-17 09:54:20,8.18
2025-03-17 09:54:40,8.19
2025-03-17 09:55:00,8.21
2025-03-17 09:55:20,8.22
2025-03-17 09:55:40,8.23
2025-03-17 09:56:00,8.25
2025-03-17 09:56:20,8.26
2025-03-17 09:56:40,8.27
2025-03-17 09:57:00,8.29
2025-03-17 09:57:20,8.29
2025-03-17 09:57:40,8.30
2025-03-17 09:58:00,8.30
2025-03-17 09:58:20,8.30
2025-03-17 09:58:40,8.30
2025-03-17 09:59:00,8.30
2025-03-17 09:59:20,8.30
2025-03-17 09:59:40,8.30
2025-03-17 10:00:00,8.30
2025-03-17 10:00:20,8.30
2025-03-17 10:00:40,8.30
2025-03-17 10:01:00,8.30
2025-03-17 10:01:20,8.30
2025-03-17 10:01:40,8.30
2025-03-17 10:02:00,8.31
2025-03-17 10:02:20,8.32